{
    "image": "goat_resized.jpg",
    "num_detections": 2,
    "detections": [
        {
            "class_id": 17,
            "class_name": "horse",
            "confidence": 0.46563974022865295,
            "bbox_xyxy": [
                32.55230712890625,
                15.322583198547363,
                220.89674377441406,
                221.75845336914062
            ]
        },
        {
            "class_id": 20,
            "class_name": "elephant",
            "confidence": 0.2614283263683319,
            "bbox_xyxy": [
                32.65860366821289,
                15.300451278686523,
                219.90255737304688,
                222.44830322265625
            ]
        }
    ]
}